{"cameraMode":{"drawMode":0,"name":"Shaded","section":"Shading Mode"},"sceneLighting":false,"audioPlay":false,"sceneViewState":{"showFog":false,"showMaterialUpdate":false,"showSkybox":false,"showFlares":false,"showImageEffects":false,"showParticleSystems":false},"in2DMode":false,"pivot":{"x":-1.708001971244812,"y":0.8676214814186096,"z":-0.9683043956756592},"rotation":{"x":0.22255165874958039,"y":-0.22855137288570405,"z":0.053755179047584537,"w":0.9462289810180664},"size":0.8842004537582398,"orthographic":false}