{"cameraMode":{"drawMode":0,"name":"Shaded","section":"Shading Mode"},"sceneLighting":true,"audioPlay":false,"sceneViewState":{"showFog":false,"showMaterialUpdate":false,"showSkybox":false,"showFlares":false,"showImageEffects":false,"showParticleSystems":false},"in2DMode":false,"pivot":{"x":-7.7734880447387699,"y":-6.27547550201416,"z":16.305578231811525},"rotation":{"x":-0.18676862120628358,"y":-0.5530571341514587,"z":0.1288590431213379,"w":-0.8016631007194519},"size":25.754907608032228,"orthographic":true}